{"acq_date":1514332800000,"catalog_id":"10200100698BD100","change_poly_index":0,"multi_res":0.0,"off_nadir":8.0,"pan_res":0.5083226}
{"acq_date":1512604800000,"catalog_id":"1040010035862300","change_poly_index":1,"multi_res":1.4113239,"off_nadir":21.0,"pan_res":0.35288888}
{"acq_date":1512604800000,"catalog_id":"1040010035862300","change_poly_index":2,"multi_res":1.4113239,"off_nadir":21.0,"pan_res":0.35288888}
{"acq_date":1509926400000,"catalog_id":"10400100357EB400","change_poly_index":3,"multi_res":1.4709781,"off_nadir":25.0,"pan_res":0.3677612}
{"acq_date":1509926400000,"catalog_id":"10400100357EB400","change_poly_index":4,"multi_res":1.4709781,"off_nadir":25.0,"pan_res":0.3677612}
{"acq_date":1509926400000,"catalog_id":"10400100357EB400","change_poly_index":5,"multi_res":1.4709781,"off_nadir":25.0,"pan_res":0.3677612}
{"acq_date":1507507200000,"catalog_id":"10300100703AC500","change_poly_index":6,"multi_res":2.0816433,"off_nadir":20.0,"pan_res":0.52022505}
{"acq_date":1507507200000,"catalog_id":"10300100703AC500","change_poly_index":7,"multi_res":2.0816433,"off_nadir":20.0,"pan_res":0.52022505}
{"acq_date":1506124800000,"catalog_id":"10400100340C1400","change_poly_index":8,"multi_res":1.3460269,"off_nadir":17.0,"pan_res":0.3364334}
{"acq_date":1506124800000,"catalog_id":"10400100340C1400","change_poly_index":9,"multi_res":1.3460269,"off_nadir":17.0,"pan_res":0.3364334}
{"acq_date":1504310400000,"catalog_id":"1020010067084D00","change_poly_index":10,"multi_res":0.0,"off_nadir":27.0,"pan_res":0.6102901}
{"acq_date":1504310400000,"catalog_id":"1020010067084D00","change_poly_index":11,"multi_res":0.0,"off_nadir":27.0,"pan_res":0.6102901}
{"acq_date":1504310400000,"catalog_id":"1020010067084D00","change_poly_index":12,"multi_res":0.0,"off_nadir":27.0,"pan_res":0.6102901}
{"acq_date":1502582400000,"catalog_id":"103001006E6D3F00","change_poly_index":13,"multi_res":2.294991,"off_nadir":27.0,"pan_res":0.57637626}
{"acq_date":1502582400000,"catalog_id":"103001006E6D3F00","change_poly_index":14,"multi_res":2.294991,"off_nadir":27.0,"pan_res":0.57637626}
{"acq_date":1502582400000,"catalog_id":"103001006E6D3F00","change_poly_index":15,"multi_res":2.294991,"off_nadir":27.0,"pan_res":0.57637626}
{"acq_date":1502582400000,"catalog_id":"103001006E6D3F00","change_poly_index":16,"multi_res":2.294991,"off_nadir":27.0,"pan_res":0.57637626}
{"acq_date":1502582400000,"catalog_id":"103001006E6D3F00","change_poly_index":17,"multi_res":2.294991,"off_nadir":27.0,"pan_res":0.57637626}
{"acq_date":1493683200000,"catalog_id":"10300100699C9900","change_poly_index":18,"multi_res":2.0163324,"off_nadir":17.0,"pan_res":0.50565666}
{"acq_date":1493683200000,"catalog_id":"10300100699C9900","change_poly_index":19,"multi_res":2.0163324,"off_nadir":17.0,"pan_res":0.50565666}
{"acq_date":1493683200000,"catalog_id":"10300100699C9900","change_poly_index":20,"multi_res":2.0163324,"off_nadir":17.0,"pan_res":0.50565666}
{"acq_date":1491696000000,"catalog_id":"104001002C9AE300","change_poly_index":21,"multi_res":1.4619778,"off_nadir":24.0,"pan_res":0.3650269}