{"acq_date":1510012800000,"catalog_id":"105001000CC24A00","change_poly_index":0,"multi_res":2.8476021,"off_nadir":41.0,"pan_res":0.7119478}
{"acq_date":1508803200000,"catalog_id":"1040010034846700","change_poly_index":1,"multi_res":1.3326689,"off_nadir":16.0,"pan_res":0.3333059}
{"acq_date":1508803200000,"catalog_id":"1040010034846700","change_poly_index":2,"multi_res":1.3326689,"off_nadir":16.0,"pan_res":0.3333059}
{"acq_date":1507161600000,"catalog_id":"1040010034C8A800","change_poly_index":3,"multi_res":1.510153,"off_nadir":26.0,"pan_res":0.3778018}
{"acq_date":1507161600000,"catalog_id":"1040010034C8A800","change_poly_index":4,"multi_res":1.510153,"off_nadir":26.0,"pan_res":0.3778018}
{"acq_date":1507161600000,"catalog_id":"1040010034C8A800","change_poly_index":5,"multi_res":1.510153,"off_nadir":26.0,"pan_res":0.3778018}
{"acq_date":1504310400000,"catalog_id":"1020010067084D00","change_poly_index":6,"multi_res":0.0,"off_nadir":27.0,"pan_res":0.6102901}
{"acq_date":1504310400000,"catalog_id":"1020010067084D00","change_poly_index":7,"multi_res":0.0,"off_nadir":27.0,"pan_res":0.6102901}
{"acq_date":1502582400000,"catalog_id":"103001006E6D3F00","change_poly_index":8,"multi_res":2.294991,"off_nadir":27.0,"pan_res":0.57637626}
{"acq_date":1502582400000,"catalog_id":"103001006E6D3F00","change_poly_index":9,"multi_res":2.294991,"off_nadir":27.0,"pan_res":0.57637626}
{"acq_date":1501027200000,"catalog_id":"10200100645E3F00","change_poly_index":10,"multi_res":0.0,"off_nadir":19.0,"pan_res":0.5500234}
{"acq_date":1501027200000,"catalog_id":"10200100645E3F00","change_poly_index":11,"multi_res":0.0,"off_nadir":19.0,"pan_res":0.5500234}
{"acq_date":1501027200000,"catalog_id":"10200100645E3F00","change_poly_index":12,"multi_res":0.0,"off_nadir":19.0,"pan_res":0.5500234}
{"acq_date":1499126400000,"catalog_id":"1040010030327400","change_poly_index":13,"multi_res":1.3354982,"off_nadir":16.0,"pan_res":0.3339053}
{"acq_date":1499126400000,"catalog_id":"1040010030327400","change_poly_index":14,"multi_res":1.3354982,"off_nadir":16.0,"pan_res":0.3339053}
{"acq_date":1499126400000,"catalog_id":"1040010030327400","change_poly_index":15,"multi_res":1.3354982,"off_nadir":16.0,"pan_res":0.3339053}
{"acq_date":1499126400000,"catalog_id":"1040010030327400","change_poly_index":16,"multi_res":1.3354982,"off_nadir":16.0,"pan_res":0.3339053}
{"acq_date":1499126400000,"catalog_id":"1040010030327400","change_poly_index":17,"multi_res":1.3354982,"off_nadir":16.0,"pan_res":0.3339053}
{"acq_date":1490400000000,"catalog_id":"1030010068C84400","change_poly_index":18,"multi_res":2.3290596,"off_nadir":27.0,"pan_res":0.5814466}
{"acq_date":1490400000000,"catalog_id":"1030010068C84400","change_poly_index":19,"multi_res":2.3290596,"off_nadir":27.0,"pan_res":0.5814466}
{"acq_date":1490400000000,"catalog_id":"1030010068C84400","change_poly_index":20,"multi_res":2.3290596,"off_nadir":27.0,"pan_res":0.5814466}
{"acq_date":1487635200000,"catalog_id":"10500100085E1200","change_poly_index":21,"multi_res":2.168321,"off_nadir":30.0,"pan_res":0.5420249}